{"stats":{"minecraft:picked_up":{"minecraft:iron_chestplate":1,"minecraft:stick":16,"minecraft:raw_iron":16,"minecraft:sandstone":1,"minecraft:cooked_porkchop":5,"immersive_paintings:glow_graffiti":32,"minecraft:andesite":6,"minecraft:chiseled_stone_bricks":11,"minecraft:flint":3,"minecraft:tuff":64,"minecraft:spruce_sapling":1,"minecraft:spruce_log":3,"minecraft:lapis_lazuli":20,"minecraft:dirt":33,"minecraft:mossy_cobblestone":2,"minecraft:raw_copper":20,"minecraft:cooked_salmon":11,"minecraft:iron_leggings":1,"minecraft:cooked_mutton":2,"minecraft:arrow":2,"minecraft:bone":2,"minecraft:acacia_planks":2,"minecraft:stone_bricks":2,"minecraft:diamond":13,"minecraft:cracked_stone_bricks":4,"minecraft:cobbled_deepslate":378,"minecraft:raw_gold":2,"minecraft:iron_helmet":1,"minecraft:iron_ingot":1,"minecraft:stone_pickaxe":1,"minecraft:cooked_chicken":2,"minecraft:bread":19,"minecraft:mossy_stone_bricks":3,"minecraft:iron_sword":1,"minecraft:furnace":1,"minecraft:coal":11,"minecraft:cobblestone":64,"minecraft:iron_boots":1,"minecraft:diamond_pickaxe":1},"minecraft:killed":{"minecraft:zombie_villager":1},"minecraft:crafted":{"minecraft:crafting_table":1,"minecraft:spruce_planks":12},"minecraft:dropped":{"minecraft:tuff":64,"minecraft:cracked_stone_bricks":4,"minecraft:spruce_sapling":1},"minecraft:used":{"minecraft:iron_sword":1,"immersive_paintings:glow_graffiti":6,"minecraft:cooked_salmon":1,"minecraft:crafting_table":1,"minecraft:cooked_porkchop":1},"minecraft:mined":{"minecraft:spruce_log":2,"minecraft:fern":2},"minecraft:custom":{"minecraft:time_since_rest":18416,"minecraft:sprint_one_cm":13533,"minecraft:damage_taken":575,"minecraft:walk_one_cm":37989,"minecraft:mob_kills":1,"minecraft:drop":4,"minecraft:damage_dealt":3,"minecraft:fly_one_cm":18487,"minecraft:crouch_one_cm":100,"minecraft:play_time":25843,"minecraft:deaths":1,"minecraft:sneak_time":171,"minecraft:jump":78,"minecraft:leave_game":1,"minecraft:time_since_death":18341,"minecraft:total_world_time":25843,"minecraft:fall_one_cm":1756}},"DataVersion":2975}