{"stats":{"minecraft:picked_up":{"minecraft:spruce_log":3},"minecraft:crafted":{"minecraft:crafting_table":1,"minecraft:spruce_planks":12},"minecraft:used":{"minecraft:crafting_table":1},"minecraft:mined":{"minecraft:spruce_log":2,"minecraft:fern":2},"minecraft:custom":{"minecraft:jump":19,"minecraft:time_since_rest":5963,"minecraft:crouch_one_cm":25,"minecraft:sprint_one_cm":3173,"minecraft:play_time":5963,"minecraft:damage_taken":72,"minecraft:time_since_death":5963,"minecraft:walk_one_cm":13958,"minecraft:sneak_time":87,"minecraft:total_world_time":5963,"minecraft:fly_one_cm":764}},"DataVersion":2975}