{"stats":{"minecraft:picked_up":{"minecraft:iron_chestplate":1,"minecraft:stick":17,"minecraft:raw_iron":16,"minecraft:sandstone":1,"minecraft:redstone_block":2,"minecraft:cooked_porkchop":5,"minecraft:andesite":6,"minecraft:chiseled_stone_bricks":11,"immersive_paintings:glow_graffiti":32,"minecraft:flint":3,"minecraft:tuff":64,"minecraft:spruce_log":10,"minecraft:spruce_sapling":1,"minecraft:lapis_lazuli":20,"minecraft:dirt":33,"minecraft:mossy_cobblestone":2,"minecraft:raw_copper":20,"minecraft:cooked_salmon":11,"minecraft:iron_leggings":1,"minecraft:cooked_mutton":2,"minecraft:bone":4,"minecraft:arrow":3,"minecraft:acacia_planks":2,"minecraft:stone_bricks":2,"minecraft:diamond":13,"minecraft:cracked_stone_bricks":4,"minecraft:cobbled_deepslate":378,"minecraft:raw_gold":2,"minecraft:iron_helmet":1,"minecraft:iron_ingot":1,"minecraft:stone_pickaxe":1,"minecraft:cooked_chicken":2,"minecraft:mossy_stone_bricks":6,"minecraft:bread":19,"minecraft:coal":11,"minecraft:iron_sword":1,"minecraft:mutton":4,"minecraft:iron_boots":1,"minecraft:furnace":1,"minecraft:white_wool":3,"minecraft:cobblestone":64,"minecraft:diamond_pickaxe":1},"minecraft:crafted":{"minecraft:crafting_table":2,"minecraft:spruce_planks":40,"minecraft:stick":28},"minecraft:killed":{"minecraft:sheep":4,"minecraft:skeleton":1,"minecraft:zombie":5,"minecraft:zombie_villager":2,"minecraft:spider":1},"minecraft:dropped":{"minecraft:mossy_cobblestone":2,"minecraft:andesite":6,"minecraft:tuff":64,"minecraft:mossy_stone_bricks":3,"minecraft:stone_bricks":2,"minecraft:cracked_stone_bricks":4,"minecraft:white_wool":1,"minecraft:spruce_sapling":1,"minecraft:redstone_block":2,"minecraft:bone":4},"minecraft:used":{"minecraft:mossy_stone_bricks":3,"minecraft:bread":1,"minecraft:stone_pickaxe":5,"minecraft:iron_sword":36,"minecraft:redstone_block":9,"minecraft:cooked_salmon":1,"immersive_paintings:glow_graffiti":7,"minecraft:chiseled_stone_bricks":11,"minecraft:crafting_table":2,"minecraft:furnace":2,"minecraft:cooked_porkchop":1,"minecraft:cobbled_deepslate":47},"minecraft:mined":{"minecraft:spruce_log":9,"minecraft:fern":2},"minecraft:custom":{"minecraft:time_since_rest":1346,"minecraft:sprint_one_cm":120590,"minecraft:damage_taken":791,"minecraft:walk_one_cm":117750,"minecraft:mob_kills":13,"minecraft:drop":12,"minecraft:damage_dealt":1680,"minecraft:interact_with_crafting_table":1,"minecraft:fly_one_cm":87275,"minecraft:crouch_one_cm":168,"minecraft:play_time":75846,"minecraft:deaths":2,"minecraft:sneak_time":177,"minecraft:jump":328,"minecraft:leave_game":4,"minecraft:time_since_death":538,"minecraft:total_world_time":75846,"minecraft:fall_one_cm":3669},"minecraft:killed_by":{"dedsafio2:hormigabomba":1}},"DataVersion":2975}