{"stats":{"minecraft:picked_up":{"minecraft:stick":2,"minecraft:spruce_log":1,"immersive_paintings:glow_graffiti":1,"minecraft:dirt":47},"minecraft:crafted":{"minecraft:spruce_planks":4},"minecraft:used":{"minecraft:dirt":24,"immersive_paintings:glow_graffiti":1},"minecraft:mined":{"minecraft:grass_block":5},"minecraft:custom":{"minecraft:jump":86,"minecraft:time_since_rest":4811,"minecraft:leave_game":1,"minecraft:damage_dealt":10,"minecraft:crouch_one_cm":1122,"minecraft:sprint_one_cm":16728,"minecraft:play_time":4811,"minecraft:damage_taken":165,"minecraft:time_since_death":4811,"minecraft:walk_one_cm":5228,"minecraft:sneak_time":220,"minecraft:total_world_time":4811,"minecraft:fall_one_cm":3962,"minecraft:fly_one_cm":11537}},"DataVersion":2975}