{"stats":{"minecraft:picked_up":{"minecraft:crafting_table":5,"minecraft:charcoal":23,"minecraft:stick":14,"minecraft:raw_iron":6,"minecraft:cooked_porkchop":4,"minecraft:sweet_berries":44,"minecraft:torch":10,"minecraft:smoker":2,"minecraft:porkchop":4,"minecraft:spruce_sapling":22,"minecraft:spruce_log":110,"minecraft:dirt":34,"minecraft:cooked_mutton":3,"minecraft:stone_sword":1,"minecraft:stone_axe":1,"minecraft:spruce_planks":22,"minecraft:stone_pickaxe":1,"minecraft:mutton":3,"minecraft:coal":32,"minecraft:white_wool":4,"minecraft:cobblestone":178,"minecraft:furnace":3},"minecraft:broken":{"minecraft:stone_pickaxe":1},"minecraft:crafted":{"minecraft:cooked_porkchop":4,"minecraft:charcoal":11,"minecraft:shield":1,"minecraft:crafting_table":1,"minecraft:spruce_planks":28,"minecraft:stick":4,"minecraft:wooden_pickaxe":1,"minecraft:iron_ingot":6,"minecraft:iron_pickaxe":1,"minecraft:stone_pickaxe":2,"minecraft:stone_sword":1,"minecraft:furnace":2,"minecraft:torch":12,"minecraft:stone_axe":1,"minecraft:air":0,"minecraft:cooked_mutton":3,"minecraft:smoker":1},"minecraft:killed":{"minecraft:sheep":2,"minecraft:pig":2},"minecraft:used":{"minecraft:stone_sword":7,"minecraft:stone_pickaxe":137,"minecraft:iron_pickaxe":15,"minecraft:wooden_pickaxe":22,"minecraft:torch":7,"minecraft:stone_axe":97,"minecraft:dirt":13,"minecraft:cobblestone":2,"minecraft:sweet_berries":13,"minecraft:crafting_table":4,"minecraft:furnace":2,"minecraft:spruce_log":2,"minecraft:smoker":1},"minecraft:mined":{"minecraft:podzol":3,"minecraft:furnace":2,"minecraft:sweet_berry_bush":11,"minecraft:iron_ore":6,"minecraft:smoker":1,"minecraft:spruce_log":67,"minecraft:crafting_table":4,"minecraft:coal_ore":29,"minecraft:dirt":11,"minecraft:spruce_leaves":61,"minecraft:stone":135,"minecraft:wall_torch":1,"minecraft:fern":2},"minecraft:custom":{"minecraft:time_since_rest":16997,"minecraft:interact_with_furnace":14,"minecraft:sprint_one_cm":31150,"minecraft:damage_taken":355,"minecraft:walk_one_cm":60603,"minecraft:mob_kills":4,"minecraft:damage_dealt":360,"minecraft:interact_with_crafting_table":9,"minecraft:fly_one_cm":30549,"minecraft:crouch_one_cm":3688,"minecraft:play_time":30999,"minecraft:deaths":1,"minecraft:sneak_time":1078,"minecraft:walk_under_water_one_cm":364,"minecraft:jump":344,"minecraft:leave_game":1,"minecraft:time_since_death":16969,"minecraft:walk_on_water_one_cm":2145,"minecraft:total_world_time":30999,"minecraft:interact_with_smoker":9,"minecraft:fall_one_cm":7520},"minecraft:killed_by":{"dedsafio2:flashbang":1}},"DataVersion":2975}