{"stats":{"minecraft:picked_up":{"minecraft:spruce_log":8},"minecraft:crafted":{"minecraft:crafting_table":1,"minecraft:spruce_planks":32,"minecraft:stick":20},"minecraft:dropped":{"minecraft:cobblestone":11,"minecraft:tuff":8},"minecraft:used":{"minecraft:iron_axe":1},"minecraft:mined":{"minecraft:spruce_log":9},"minecraft:custom":{"minecraft:jump":51,"minecraft:time_since_rest":5876,"minecraft:damage_dealt":72,"minecraft:crouch_one_cm":4238,"minecraft:sprint_one_cm":1888,"minecraft:play_time":5876,"minecraft:time_since_death":5876,"minecraft:walk_one_cm":13936,"minecraft:sneak_time":940,"minecraft:total_world_time":5876,"minecraft:drop":2,"minecraft:fly_one_cm":945}},"DataVersion":2975}