{"stats":{"minecraft:picked_up":{"minecraft:raw_iron":59,"minecraft:stick":37,"minecraft:iron_chestplate":1,"minecraft:creeper_head":1,"minecraft:glow_ink_sac":3,"minecraft:water_bucket":1,"immersive_paintings:glow_graffiti":24,"minecraft:potato":1,"minecraft:spruce_sapling":1,"minecraft:spruce_log":12,"dedsafio2:dedita":5,"minecraft:gunpowder":6,"minecraft:redstone":27,"minecraft:dirt":94,"minecraft:string":10,"minecraft:iron_axe":1,"minecraft:cooked_salmon":48,"minecraft:iron_leggings":1,"minecraft:bone":17,"minecraft:arrow":18,"minecraft:diamond":1,"minecraft:wheat_seeds":1,"minecraft:cobbled_deepslate":223,"minecraft:raw_gold":80,"minecraft:iron_helmet":1,"minecraft:oak_boat":1,"minecraft:bone_meal":6,"minecraft:iron_pickaxe":1,"minecraft:coal_block":18,"minecraft:sugar_cane":25,"minecraft:iron_sword":1,"minecraft:oak_planks":11,"minecraft:coal":19,"minecraft:white_wool":3,"minecraft:furnace":2,"minecraft:iron_boots":1,"minecraft:ender_pearl":1},"minecraft:crafted":{"minecraft:crafting_table":2,"minecraft:stick":36,"minecraft:spruce_planks":44},"minecraft:killed":{"minecraft:zombie":1,"dedsafio2:plantacarnivoraverde":2},"minecraft:dropped":{"minecraft:dirt":29,"minecraft:wheat_seeds":1,"minecraft:gunpowder":6,"minecraft:tuff":8,"immersive_paintings:glow_graffiti":56,"minecraft:cobblestone":11},"minecraft:used":{"minecraft:iron_axe":4,"minecraft:iron_sword":1,"dedsafio2:plantacarnivoraverde_spawn_egg":2,"minecraft:spruce_sapling":1,"immersive_paintings:glow_graffiti":3,"minecraft:totem_of_undying":1,"minecraft:cooked_salmon":2,"minecraft:dirt":1,"armaduras_d:espada_belica":5,"minecraft:cobbled_deepslate":21,"minecraft:spruce_log":1},"minecraft:mined":{"minecraft:spruce_log":10},"minecraft:custom":{"minecraft:time_since_rest":19517,"minecraft:sprint_one_cm":20404,"minecraft:damage_taken":584,"minecraft:walk_one_cm":44101,"minecraft:mob_kills":3,"minecraft:drop":35,"minecraft:damage_dealt":1022,"minecraft:fly_one_cm":45844,"minecraft:crouch_one_cm":5005,"minecraft:play_time":26004,"minecraft:deaths":1,"minecraft:sneak_time":1594,"minecraft:jump":218,"minecraft:leave_game":1,"minecraft:time_since_death":19484,"minecraft:total_world_time":26004,"minecraft:fall_one_cm":3306},"minecraft:killed_by":{"minecraft:player":1}},"DataVersion":2975}