{"stats":{"minecraft:picked_up":{"minecraft:gunpowder":3},"minecraft:dropped":{"minecraft:oak_sign":1},"minecraft:used":{"minecraft:oak_sign":4,"minecraft:netherite_sword":9},"minecraft:custom":{"minecraft:jump":21,"minecraft:time_since_rest":11049,"minecraft:leave_game":1,"minecraft:damage_dealt":479,"minecraft:crouch_one_cm":75,"minecraft:sprint_one_cm":326,"minecraft:play_time":11049,"minecraft:time_since_death":11049,"minecraft:walk_one_cm":6065,"minecraft:sneak_time":69,"minecraft:total_world_time":11049,"minecraft:drop":1,"minecraft:fly_one_cm":9761,"minecraft:player_kills":1}},"DataVersion":2975}