{
  "minecraft:recipes/misc/charcoal": {
    "criteria": {
      "has_log": "2024-10-14 03:33:32 +0000"
    },
    "done": true
  },
  "minecraft:recipes/building_blocks/spruce_planks": {
    "criteria": {
      "has_logs": "2024-10-14 03:33:32 +0000"
    },
    "done": true
  },
  "minecraft:recipes/building_blocks/spruce_wood": {
    "criteria": {
      "has_log": "2024-10-14 03:33:32 +0000"
    },
    "done": true
  },
  "minecraft:adventure/adventuring_time": {
    "criteria": {
      "minecraft:old_growth_spruce_taiga": "2024-10-14 03:32:44 +0000"
    },
    "done": false
  },
  "DataVersion": 2975
}